id_client,total
101,399.79999999999995
104,499.90000000000003
105,2039.66
