id_client,name_client,nif,total
101,ClientA,123456789,399.79999999999995
104,ClientD,321321321,499.90000000000003
105,ClientE,456456456,2039.66
